{
    "name": "root",
    "gauges": {
        "Brake.Policy.Entropy.mean": {
            "value": 0.317510724067688,
            "min": 0.29691433906555176,
            "max": 0.6913573741912842,
            "count": 200
        },
        "Brake.Policy.Entropy.sum": {
            "value": 1485.9501953125,
            "min": 1426.573974609375,
            "max": 4117.033203125,
            "count": 200
        },
        "Brake.Step.mean": {
            "value": 999989.0,
            "min": 4987.0,
            "max": 999989.0,
            "count": 200
        },
        "Brake.Step.sum": {
            "value": 999989.0,
            "min": 4987.0,
            "max": 999989.0,
            "count": 200
        },
        "Brake.Policy.ExtrinsicValueEstimate.mean": {
            "value": 0.07038997113704681,
            "min": -0.34467023611068726,
            "max": 3.905911684036255,
            "count": 200
        },
        "Brake.Policy.ExtrinsicValueEstimate.sum": {
            "value": 4.575347900390625,
            "min": -24.32761001586914,
            "max": 179.67193603515625,
            "count": 200
        },
        "Brake.Environment.EpisodeLength.mean": {
            "value": 92.73076923076923,
            "min": 72.65714285714286,
            "max": 198.52941176470588,
            "count": 200
        },
        "Brake.Environment.EpisodeLength.sum": {
            "value": 4822.0,
            "min": 3375.0,
            "max": 6310.0,
            "count": 200
        },
        "Brake.Environment.CumulativeReward.mean": {
            "value": 0.06757944220533738,
            "min": -0.9961870014667511,
            "max": 0.16900193318724632,
            "count": 200
        },
        "Brake.Environment.CumulativeReward.sum": {
            "value": 3.5141309946775436,
            "min": -46.845887035131454,
            "max": 10.14011599123478,
            "count": 200
        },
        "Brake.Policy.ExtrinsicReward.mean": {
            "value": 0.06757944220533738,
            "min": -0.9961870014667511,
            "max": 0.16900193318724632,
            "count": 200
        },
        "Brake.Policy.ExtrinsicReward.sum": {
            "value": 3.5141309946775436,
            "min": -46.845887035131454,
            "max": 10.14011599123478,
            "count": 200
        },
        "Brake.Losses.PolicyLoss.mean": {
            "value": 0.050199938705191016,
            "min": 0.035658021438090756,
            "max": 0.06524008248622219,
            "count": 200
        },
        "Brake.Losses.PolicyLoss.sum": {
            "value": 0.10039987741038203,
            "min": 0.03780769178587379,
            "max": 0.1774105834774673,
            "count": 200
        },
        "Brake.Losses.ValueLoss.mean": {
            "value": 0.0248965216257299,
            "min": 0.013472470180244679,
            "max": 639.0393805739427,
            "count": 200
        },
        "Brake.Losses.ValueLoss.sum": {
            "value": 0.0497930432514598,
            "min": 0.03852240147534758,
            "max": 639.0393805739427,
            "count": 200
        },
        "Brake.Policy.LearningRate.mean": {
            "value": 7.919497360499884e-07,
            "min": 7.919497360499884e-07,
            "max": 0.0002991015002995,
            "count": 200
        },
        "Brake.Policy.LearningRate.sum": {
            "value": 1.5838994720999768e-06,
            "min": 1.5838994720999768e-06,
            "max": 0.0008931297022900999,
            "count": 200
        },
        "Brake.Policy.Epsilon.mean": {
            "value": 0.100395925,
            "min": 0.100395925,
            "max": 0.24955075000000002,
            "count": 200
        },
        "Brake.Policy.Epsilon.sum": {
            "value": 0.20079185,
            "min": 0.20079185,
            "max": 0.7465648500000001,
            "count": 200
        },
        "Brake.Policy.Beta.mean": {
            "value": 0.00014194860499999805,
            "min": 0.00014194860499999805,
            "max": 0.04985027995000001,
            "count": 200
        },
        "Brake.Policy.Beta.sum": {
            "value": 0.0002838972099999961,
            "min": 0.0002838972099999961,
            "max": 0.14885517901,
            "count": 200
        },
        "Brake.IsTraining.mean": {
            "value": 1.0,
            "min": 1.0,
            "max": 1.0,
            "count": 200
        },
        "Brake.IsTraining.sum": {
            "value": 1.0,
            "min": 1.0,
            "max": 1.0,
            "count": 200
        }
    },
    "metadata": {
        "timer_format_version": "0.1.0",
        "start_time_seconds": "1656939674",
        "python_version": "3.9.13 (tags/v3.9.13:6de2ca5, May 17 2022, 16:36:42) [MSC v.1929 64 bit (AMD64)]",
        "command_line_arguments": "D:\\Documents\\Desenvolupament\\Unity Folder\\Unity\\Machine Learning Tutorial CodeMonkey\\venv\\Scripts\\mlagents-learn config/braking11.yaml --run-id=test014 --env=Builds/Test10/TrafficApp.exe --time-scale=6 --quality-level=0 --width=512 --height=512 --force",
        "mlagents_version": "0.29.0",
        "mlagents_envs_version": "0.29.0",
        "communication_protocol_version": "1.5.0",
        "pytorch_version": "1.7.1+cu110",
        "numpy_version": "1.21.2",
        "end_time_seconds": "1656940614"
    },
    "total": 939.3687888000001,
    "count": 1,
    "self": 0.3027511999999888,
    "children": {
        "run_training.setup": {
            "total": 0.10254310000000011,
            "count": 1,
            "self": 0.10254310000000011
        },
        "TrainerController.start_learning": {
            "total": 938.9634945,
            "count": 1,
            "self": 1.6326362000019117,
            "children": {
                "TrainerController._reset_env": {
                    "total": 5.7964894000000005,
                    "count": 1,
                    "self": 5.7964894000000005
                },
                "TrainerController.advance": {
                    "total": 931.4858586999982,
                    "count": 75341,
                    "self": 1.369286900017869,
                    "children": {
                        "env_step": {
                            "total": 586.0435703999881,
                            "count": 75341,
                            "self": 396.84640109998077,
                            "children": {
                                "SubprocessEnvManager._take_step": {
                                    "total": 188.2141584000043,
                                    "count": 75341,
                                    "self": 4.691894499999023,
                                    "children": {
                                        "TorchPolicy.evaluate": {
                                            "total": 183.52226390000527,
                                            "count": 66700,
                                            "self": 53.036799700003314,
                                            "children": {
                                                "TorchPolicy.sample_actions": {
                                                    "total": 130.48546420000196,
                                                    "count": 66700,
                                                    "self": 130.48546420000196
                                                }
                                            }
                                        }
                                    }
                                },
                                "workers": {
                                    "total": 0.9830109000030411,
                                    "count": 75341,
                                    "self": 0.0,
                                    "children": {
                                        "worker_root": {
                                            "total": 932.6126669000022,