{
    "name": "root",
    "gauges": {
        "Brake.Policy.Entropy.mean": {
            "value": 0.20634235441684723,
            "min": 0.10832259058952332,
            "max": 0.6931338906288147,
            "count": 1000
        },
        "Brake.Policy.Entropy.sum": {
            "value": 173.32757568359375,
            "min": 53.042457580566406,
            "max": 1320.421142578125,
            "count": 1000
        },
        "Brake.Step.mean": {
            "value": 999937.0,
            "min": 896.0,
            "max": 999937.0,
            "count": 1000
        },
        "Brake.Step.sum": {
            "value": 999937.0,
            "min": 896.0,
            "max": 999937.0,
            "count": 1000
        },
        "Brake.Policy.ExtrinsicValueEstimate.mean": {
            "value": 0.0939699336886406,
            "min": -362.0752868652344,
            "max": 0.15026280283927917,
            "count": 1000
        },
        "Brake.Policy.ExtrinsicValueEstimate.sum": {
            "value": 1.4095489978790283,
            "min": -2896.71533203125,
            "max": 2.35040283203125,
            "count": 1000
        },
        "Brake.IsTraining.mean": {
            "value": 1.0,
            "min": 1.0,
            "max": 1.0,
            "count": 1000
        },
        "Brake.IsTraining.sum": {
            "value": 1.0,
            "min": 1.0,
            "max": 1.0,
            "count": 1000
        },
        "Brake.Environment.EpisodeLength.mean": {
            "value": 90.5,
            "min": 47.95,
            "max": 199.0,
            "count": 999
        },
        "Brake.Environment.EpisodeLength.sum": {
            "value": 905.0,
            "min": 257.0,
            "max": 2646.0,
            "count": 999
        },
        "Brake.Environment.CumulativeReward.mean": {
            "value": 0.08890254497528076,
            "min": -1.395000010728836,
            "max": 0.35246736109256743,
            "count": 999
        },
        "Brake.Environment.CumulativeReward.sum": {
            "value": 0.8890254497528076,
            "min": -16.44799418747425,
            "max": 5.287010416388512,
            "count": 999
        },
        "Brake.Policy.ExtrinsicReward.mean": {
            "value": 0.08890254497528076,
            "min": -1.395000010728836,
            "max": 0.35246736109256743,
            "count": 999
        },
        "Brake.Policy.ExtrinsicReward.sum": {
            "value": 0.8890254497528076,
            "min": -16.44799418747425,
            "max": 5.287010416388512,
            "count": 999
        },
        "Brake.Losses.PolicyLoss.mean": {
            "value": 0.07857580325799063,
            "min": 0.04966219584457576,
            "max": 0.09128525488389035,
            "count": 474
        },
        "Brake.Losses.PolicyLoss.sum": {
            "value": 0.07857580325799063,
            "min": 0.04966219584457576,
            "max": 0.09128525488389035,
            "count": 474
        },
        "Brake.Losses.ValueLoss.mean": {
            "value": 0.02981669552779446,
            "min": 7.184624418964697e-05,
            "max": 1406598.8573951062,
            "count": 474
        },
        "Brake.Losses.ValueLoss.sum": {
            "value": 0.02981669552779446,
            "min": 7.184624418964697e-05,
            "max": 1406598.8573951062,
            "count": 474
        },
        "Brake.Policy.LearningRate.mean": {
            "value": 6.53499782200004e-07,
            "min": 6.53499782200004e-07,
            "max": 0.0002991078002974001,
            "count": 474
        },
        "Brake.Policy.LearningRate.sum": {
            "value": 6.53499782200004e-07,
            "min": 6.53499782200004e-07,
            "max": 0.0002991078002974001,
            "count": 474
        },
        "Brake.Policy.Epsilon.mean": {
            "value": 0.10021780000000001,
            "min": 0.10021780000000001,
            "max": 0.1997026,
            "count": 474
        },
        "Brake.Policy.Epsilon.sum": {
            "value": 0.10021780000000001,
            "min": 0.10021780000000001,
            "max": 0.1997026,
            "count": 474
        },
        "Brake.Policy.Beta.mean": {
            "value": 0.005,
            "min": 0.005,
            "max": 0.005000000000000001,
            "count": 474
        },
        "Brake.Policy.Beta.sum": {
            "value": 0.005,
            "min": 0.005,
            "max": 0.005000000000000001,
            "count": 474
        }
    },
    "metadata": {
        "timer_format_version": "0.1.0",
        "start_time_seconds": "1656930878",
        "python_version": "3.9.13 (tags/v3.9.13:6de2ca5, May 17 2022, 16:36:42) [MSC v.1929 64 bit (AMD64)]",
        "command_line_arguments": "D:\\Documents\\Desenvolupament\\Unity Folder\\Unity\\Machine Learning Tutorial CodeMonkey\\venv\\Scripts\\mlagents-learn config/braking6.yaml --run-id=test009 --env=Builds/Test9/TrafficApp.exe --time-scale=8 --quality-level=0 --width=512 --height=512 --force",
        "mlagents_version": "0.29.0",
        "mlagents_envs_version": "0.29.0",
        "communication_protocol_version": "1.5.0",
        "pytorch_version": "1.7.1+cu110",
        "numpy_version": "1.21.2",
        "end_time_seconds": "1656931939"
    },
    "total": 1061.0259839,
    "count": 1,
    "self": 0.3785165000001598,
    "children": {
        "run_training.setup": {
            "total": 0.10561409999999993,
            "count": 1,
            "self": 0.10561409999999993
        },
        "TrainerController.start_learning": {
            "total": 1060.5418533,
            "count": 1,
            "self": 1.6159559000032004,
            "children": {
                "TrainerController._reset_env": {
                    "total": 8.667734,
                    "count": 1,
                    "self": 8.667734
                },
                "TrainerController.advance": {
                    "total": 1050.2027982999966,
                    "count": 75624,
                    "self": 1.3454193000038686,
                    "children": {
                        "env_step": {
                            "total": 568.4409688999814,
                            "count": 75624,
                            "self": 391.76310979999954,
                            "children": {
                                "SubprocessEnvManager._take_step": {
                                    "total": 175.7033866999988,
                                    "count": 75624,
                                    "self": 4.427849099989686,
                                    "children": {
                                        "TorchPolicy.evaluate": {
                                            "total": 171.2755376000091,
                                            "count": 66707,
                                            "self": 47.72134550003119,
                                            "children": {
                                                "TorchPolicy.sample_actions": {
                                                    "total": 123.55419209997791,
                                                    "count": 66707,
                                                    "self": 123.55419209997791
                                                }
                                            }
                                        }
                                    }
                                },
                                "workers": {
                                    "total": 0.9744723999830605,
                                    "count": 75624,
                                    "self": 0.0,
                                    "children": {
                                        "worker_root": {
                                            "total": 1051.130604000003,
                                            "count": 75624,
                                            "is_parallel": true,