{
    "name": "root",
    "gauges": {
        "Brake.Policy.Entropy.mean": {
            "value": 0.25431761145591736,
            "min": 0.2314475178718567,
            "max": 0.6911481618881226,
            "count": 200
        },
        "Brake.Policy.Entropy.sum": {
            "value": 1304.6494140625,
            "min": 1142.1934814453125,
            "max": 4063.951171875,
            "count": 200
        },
        "Brake.Step.mean": {
            "value": 999981.0,
            "min": 4969.0,
            "max": 999981.0,
            "count": 200
        },
        "Brake.Step.sum": {
            "value": 999981.0,
            "min": 4969.0,
            "max": 999981.0,
            "count": 200
        },
        "Brake.Policy.ExtrinsicValueEstimate.mean": {
            "value": 0.05198110267519951,
            "min": -0.4550607204437256,
            "max": 35.072628021240234,
            "count": 200
        },
        "Brake.Policy.ExtrinsicValueEstimate.sum": {
            "value": 5.354053497314453,
            "min": -50.966800689697266,
            "max": 3191.609130859375,
            "count": 200
        },
        "Brake.Losses.PolicyLoss.mean": {
            "value": 0.07024749993191412,
            "min": 0.05187082972649174,
            "max": 0.08154116176689666,
            "count": 200
        },
        "Brake.Losses.PolicyLoss.sum": {
            "value": 0.3512374996595706,
            "min": 0.1811473868528588,
            "max": 0.40770580883448326,
            "count": 200
        },
        "Brake.Losses.ValueLoss.mean": {
            "value": 0.02719367713046571,
            "min": 0.003438516477520656,
            "max": 63918.37330024115,
            "count": 200
        },
        "Brake.Losses.ValueLoss.sum": {
            "value": 0.13596838565232855,
            "min": 0.013754065910082623,
            "max": 191755.11990072345,
            "count": 200
        },
        "Brake.Policy.LearningRate.mean": {
            "value": 7.692997435999966e-07,
            "min": 7.692997435999966e-07,
            "max": 0.000299016000328,
            "count": 200
        },
        "Brake.Policy.LearningRate.sum": {
            "value": 3.846498717999983e-06,
            "min": 3.846498717999983e-06,
            "max": 0.0014814099061966999,
            "count": 200
        },
        "Brake.Policy.Epsilon.mean": {
            "value": 0.1002564,
            "min": 0.1002564,
            "max": 0.19967200000000004,
            "count": 200
        },
        "Brake.Policy.Epsilon.sum": {
            "value": 0.501282,
            "min": 0.4050598,
            "max": 0.9938033000000001,
            "count": 200
        },
        "Brake.Policy.Beta.mean": {
            "value": 8.689435999999966e-05,
            "min": 8.689435999999966e-05,
            "max": 0.029901632799999998,
            "count": 200
        },
        "Brake.Policy.Beta.sum": {
            "value": 0.0004344717999999983,
            "min": 0.0004344717999999983,
            "max": 0.14814160967,
            "count": 200
        },
        "Brake.Environment.EpisodeLength.mean": {
            "value": 83.11666666666666,
            "min": 56.74390243902439,
            "max": 197.5625,
            "count": 200
        },
        "Brake.Environment.EpisodeLength.sum": {
            "value": 4987.0,
            "min": 3161.0,
            "max": 6146.0,
            "count": 200
        },
        "Brake.Environment.CumulativeReward.mean": {
            "value": 0.1254426672802133,
            "min": -1.0121464679182015,
            "max": 0.19058513393004736,
            "count": 200
        },
        "Brake.Environment.CumulativeReward.sum": {
            "value": 7.401117369532585,
            "min": -52.74290145933628,
            "max": 11.435108035802841,
            "count": 200
        },
        "Brake.Policy.ExtrinsicReward.mean": {
            "value": 0.1254426672802133,
            "min": -1.0121464679182015,
            "max": 0.19058513393004736,
            "count": 200
        },
        "Brake.Policy.ExtrinsicReward.sum": {
            "value": 7.401117369532585,
            "min": -52.74290145933628,
            "max": 11.435108035802841,
            "count": 200
        },
        "Brake.IsTraining.mean": {
            "value": 1.0,
            "min": 1.0,
            "max": 1.0,
            "count": 200
        },
        "Brake.IsTraining.sum": {
            "value": 1.0,
            "min": 1.0,
            "max": 1.0,
            "count": 200
        }
    },
    "metadata": {
        "timer_format_version": "0.1.0",
        "start_time_seconds": "1656934018",
        "python_version": "3.9.13 (tags/v3.9.13:6de2ca5, May 17 2022, 16:36:42) [MSC v.1929 64 bit (AMD64)]",
        "command_line_arguments": "D:\\Documents\\Desenvolupament\\Unity Folder\\Unity\\Machine Learning Tutorial CodeMonkey\\venv\\Scripts\\mlagents-learn config/braking8.yaml --run-id=test011 --env=Builds/Test10/TrafficApp.exe --time-scale=8 --quality-level=0 --width=512 --height=512 --force",
        "mlagents_version": "0.29.0",
        "mlagents_envs_version": "0.29.0",
        "communication_protocol_version": "1.5.0",
        "pytorch_version": "1.7.1+cu110",
        "numpy_version": "1.21.2",
        "end_time_seconds": "1656935158"
    },
    "total": 1140.101773,
    "count": 1,
    "self": 0.2793741000002683,
    "children": {
        "run_training.setup": {
            "total": 0.17943600000000082,
            "count": 1,
            "self": 0.17943600000000082
        },
        "TrainerController.start_learning": {
            "total": 1139.6429629,
            "count": 1,
            "self": 1.5792902000146114,
            "children": {
                "TrainerController._reset_env": {
                    "total": 9.522446599999999,
                    "count": 1,
                    "self": 9.522446599999999
                },
                "TrainerController.advance": {
                    "total": 1128.4946093999854,
                    "count": 75503,
                    "self": 1.3716278999693259,
                    "children": {
                        "env_step": {
                            "total": 567.8224040000034,
                            "count": 75503,
                            "self": 391.0354182999896,
                            "children": {
                                "SubprocessEnvManager._take_step": {
                                    "total": 175.81872020001705,
                                    "count": 75503,
                                    "self": 4.289028100002923,
                                    "children": {
                                        "TorchPolicy.evaluate": {
                                            "total": 171.52969210001413,
                                            "count": 66700,
                                            "self": 47.2688478000085,
                                            "children": {
                                                "TorchPolicy.sample_actions": {
                                                    "total": 124.26084430000563,
                                                    "count": 66700,
                                                    "self": 124.26084430000563
                                                }
                                            }
                                        }
                                    }
                                },
                                "workers": {
                                    "total": 0.9682654999967646,
                                    "count": 75503,
                                    "self": 0.0,
                                    "children": {
                                        "worker_root": {
                                            "total": 1129.4658463999945,
                                            "count": 75503,