{
    "name": "root",
    "gauges": {
        "Brake.Policy.Entropy.mean": {
            "value": 0.23345452547073364,
            "min": 0.19584549963474274,
            "max": 0.6919996738433838,
            "count": 200
        },
        "Brake.Policy.Entropy.sum": {
            "value": 1141.5926513671875,
            "min": 948.8714599609375,
            "max": 4064.85107421875,
            "count": 200
        },
        "Brake.Step.mean": {
            "value": 999946.0,
            "min": 4964.0,
            "max": 999946.0,
            "count": 200
        },
        "Brake.Step.sum": {
            "value": 999946.0,
            "min": 4964.0,
            "max": 999946.0,
            "count": 200
        },
        "Brake.Policy.ExtrinsicValueEstimate.mean": {
            "value": 0.06527706235647202,
            "min": -0.45322978496551514,
            "max": 13.67961597442627,
            "count": 200
        },
        "Brake.Policy.ExtrinsicValueEstimate.sum": {
            "value": 7.245754241943359,
            "min": -49.40204620361328,
            "max": 1244.8450927734375,
            "count": 200
        },
        "Brake.Losses.PolicyLoss.mean": {
            "value": 0.06089889826641108,
            "min": 0.03414911327611966,
            "max": 0.06089889826641108,
            "count": 200
        },
        "Brake.Losses.PolicyLoss.sum": {
            "value": 0.12179779653282216,
            "min": 0.06829822655223931,
            "max": 0.17753741826163605,
            "count": 200
        },
        "Brake.Losses.ValueLoss.mean": {
            "value": 0.020846538459106036,
            "min": 0.003316083565853963,
            "max": 12988.917616318313,
            "count": 200
        },
        "Brake.Losses.ValueLoss.sum": {
            "value": 0.04169307691821207,
            "min": 0.006632167131707926,
            "max": 25977.835232636626,
            "count": 200
        },
        "Brake.Policy.LearningRate.mean": {
            "value": 8.852497049500067e-07,
            "min": 8.852497049500067e-07,
            "max": 0.0002988234003922,
            "count": 200
        },
        "Brake.Policy.LearningRate.sum": {
            "value": 1.7704994099000135e-06,
            "min": 1.7704994099000135e-06,
            "max": 0.0008799378066873999,
            "count": 200
        },
        "Brake.Policy.Epsilon.mean": {
            "value": 0.10029505,
            "min": 0.10029505,
            "max": 0.1996078,
            "count": 200
        },
        "Brake.Policy.Epsilon.sum": {
            "value": 0.2005901,
            "min": 0.2005901,
            "max": 0.5933126000000001,
            "count": 200
        },
        "Brake.Policy.Beta.mean": {
            "value": 3.947549500000022e-05,
            "min": 3.947549500000022e-05,
            "max": 0.00996081922,
            "count": 200
        },
        "Brake.Policy.Beta.sum": {
            "value": 7.895099000000044e-05,
            "min": 7.895099000000044e-05,
            "max": 0.02933192874,
            "count": 200
        },
        "Brake.Environment.EpisodeLength.mean": {
            "value": 91.74074074074075,
            "min": 66.27941176470588,
            "max": 197.25,
            "count": 200
        },
        "Brake.Environment.EpisodeLength.sum": {
            "value": 4954.0,
            "min": 3156.0,
            "max": 5893.0,
            "count": 200
        },
        "Brake.Environment.CumulativeReward.mean": {
            "value": 0.0775950672449889,
            "min": -0.9819371041376144,
            "max": 0.19893722067917546,
            "count": 200
        },
        "Brake.Environment.CumulativeReward.sum": {
            "value": 4.190133631229401,
            "min": -51.80991488695145,
            "max": 12.334107682108879,
            "count": 200
        },
        "Brake.Policy.ExtrinsicReward.mean": {
            "value": 0.0775950672449889,
            "min": -0.9819371041376144,
            "max": 0.19893722067917546,
            "count": 200
        },
        "Brake.Policy.ExtrinsicReward.sum": {
            "value": 4.190133631229401,
            "min": -51.80991488695145,
            "max": 12.334107682108879,
            "count": 200
        },
        "Brake.IsTraining.mean": {
            "value": 1.0,
            "min": 1.0,
            "max": 1.0,
            "count": 200
        },
        "Brake.IsTraining.sum": {
            "value": 1.0,
            "min": 1.0,
            "max": 1.0,
            "count": 200
        }
    },
    "metadata": {
        "timer_format_version": "0.1.0",
        "start_time_seconds": "1656935963",
        "python_version": "3.9.13 (tags/v3.9.13:6de2ca5, May 17 2022, 16:36:42) [MSC v.1929 64 bit (AMD64)]",
        "command_line_arguments": "D:\\Documents\\Desenvolupament\\Unity Folder\\Unity\\Machine Learning Tutorial CodeMonkey\\venv\\Scripts\\mlagents-learn config/braking9.yaml --run-id=test012 --env=Builds/Test10/TrafficApp.exe --time-scale=6 --quality-level=0 --width=512 --height=512 --force",
        "mlagents_version": "0.29.0",
        "mlagents_envs_version": "0.29.0",
        "communication_protocol_version": "1.5.0",
        "pytorch_version": "1.7.1+cu110",
        "numpy_version": "1.21.2",
        "end_time_seconds": "1656936886"
    },
    "total": 923.0819329,
    "count": 1,
    "self": 0.2952821999998605,
    "children": {
        "run_training.setup": {
            "total": 0.10352359999999994,
            "count": 1,
            "self": 0.10352359999999994
        },
        "TrainerController.start_learning": {
            "total": 922.6831271000001,
            "count": 1,
            "self": 1.6270472999955246,
            "children": {
                "TrainerController._reset_env": {
                    "total": 5.7468435,
                    "count": 1,
                    "self": 5.7468435
                },
                "TrainerController.advance": {
                    "total": 915.2623759000047,
                    "count": 75372,
                    "self": 1.341645300011237,
                    "children": {
                        "env_step": {
                            "total": 558.0203102999982,
                            "count": 75372,
                            "self": 380.0397363999889,
                            "children": {
                                "SubprocessEnvManager._take_step": {
                                    "total": 177.03231710001114,
                                    "count": 75372,
                                    "self": 4.4436215000076515,
                                    "children": {
                                        "TorchPolicy.evaluate": {
                                            "total": 172.5886956000035,
                                            "count": 66689,
                                            "self": 48.14484299998615,
                                            "children": {
                                                "TorchPolicy.sample_actions": {
                                                    "total": 124.44385260001734,
                                                    "count": 66689,
                                                    "self": 124.44385260001734
                                                }
                                            }
                                        }
                                    }
                                },
                                "workers": {
                                    "total": 0.9482567999981875,
                                    "count": 75372,
                                    "self": 0.0,
                                    "children": {
                                        "worker_root": {
                                            "total": 916.4544649999921,
                                            "count": 75372,