{
    "name": "root",
    "gauges": {
        "Brake.Policy.Entropy.mean": {
            "value": 0.21653777360916138,
            "min": 0.20434297621250153,
            "max": 0.6908318400382996,
            "count": 200
        },
        "Brake.Policy.Entropy.sum": {
            "value": 1042.62939453125,
            "min": 1008.4326171875,
            "max": 4062.091064453125,
            "count": 200
        },
        "Brake.Step.mean": {
            "value": 999956.0,
            "min": 4963.0,
            "max": 999956.0,
            "count": 200
        },
        "Brake.Step.sum": {
            "value": 999956.0,
            "min": 4963.0,
            "max": 999956.0,
            "count": 200
        },
        "Brake.Policy.ExtrinsicValueEstimate.mean": {
            "value": 0.05046159774065018,
            "min": -0.34332677721977234,
            "max": 4.709280967712402,
            "count": 200
        },
        "Brake.Policy.ExtrinsicValueEstimate.sum": {
            "value": 4.945236682891846,
            "min": -36.049312591552734,
            "max": 433.25384521484375,
            "count": 200
        },
        "Brake.Losses.PolicyLoss.mean": {
            "value": 0.055888265216102205,
            "min": 0.032422569153519966,
            "max": 0.0609878979351682,
            "count": 200
        },
        "Brake.Losses.PolicyLoss.sum": {
            "value": 0.1676647956483066,
            "min": 0.06484513830703993,
            "max": 0.17363307299092412,
            "count": 200
        },
        "Brake.Losses.ValueLoss.mean": {
            "value": 0.021303090266883373,
            "min": 0.0016672724693004664,
            "max": 1459.1609610670318,
            "count": 200
        },
        "Brake.Losses.ValueLoss.sum": {
            "value": 0.06390927080065012,
            "min": 0.0033345449386009327,
            "max": 2918.3219221340637,
            "count": 200
        },
        "Brake.Policy.LearningRate.mean": {
            "value": 7.981997339666683e-07,
            "min": 7.981997339666683e-07,
            "max": 0.00029882820039059995,
            "count": 200
        },
        "Brake.Policy.LearningRate.sum": {
            "value": 2.394599201900005e-06,
            "min": 2.394599201900005e-06,
            "max": 0.0008843259052246998,
            "count": 200
        },
        "Brake.Policy.Epsilon.mean": {
            "value": 0.10039905,
            "min": 0.10039905,
            "max": 0.24941410000000003,
            "count": 200
        },
        "Brake.Policy.Epsilon.sum": {
            "value": 0.30119715,
            "min": 0.20235875000000003,
            "max": 0.74216295,
            "count": 200
        },
        "Brake.Policy.Beta.mean": {
            "value": 6.318006333333344e-05,
            "min": 6.318006333333344e-05,
            "max": 0.01992191906,
            "count": 200
        },
        "Brake.Policy.Beta.sum": {
            "value": 0.0001895401900000003,
            "min": 0.0001895401900000003,
            "max": 0.058955582470000004,
            "count": 200
        },
        "Brake.Environment.EpisodeLength.mean": {
            "value": 93.5576923076923,
            "min": 65.93150684931507,
            "max": 193.67857142857142,
            "count": 200
        },
        "Brake.Environment.EpisodeLength.sum": {
            "value": 4865.0,
            "min": 3473.0,
            "max": 5557.0,
            "count": 200
        },
        "Brake.Environment.CumulativeReward.mean": {
            "value": 0.06719119593782245,
            "min": -0.9443781294313998,
            "max": 0.22634030854509724,
            "count": 200
        },
        "Brake.Environment.CumulativeReward.sum": {
            "value": 3.56113338470459,
            "min": -50.48791931569576,
            "max": 14.033099129796028,
            "count": 200
        },
        "Brake.Policy.ExtrinsicReward.mean": {
            "value": 0.06719119593782245,
            "min": -0.9443781294313998,
            "max": 0.22634030854509724,
            "count": 200
        },
        "Brake.Policy.ExtrinsicReward.sum": {
            "value": 3.56113338470459,
            "min": -50.48791931569576,
            "max": 14.033099129796028,
            "count": 200
        },
        "Brake.IsTraining.mean": {
            "value": 1.0,
            "min": 1.0,
            "max": 1.0,
            "count": 200
        },
        "Brake.IsTraining.sum": {
            "value": 1.0,
            "min": 1.0,
            "max": 1.0,
            "count": 200
        }
    },
    "metadata": {
        "timer_format_version": "0.1.0",
        "start_time_seconds": "1656941356",
        "python_version": "3.9.13 (tags/v3.9.13:6de2ca5, May 17 2022, 16:36:42) [MSC v.1929 64 bit (AMD64)]",
        "command_line_arguments": "D:\\Documents\\Desenvolupament\\Unity Folder\\Unity\\Machine Learning Tutorial CodeMonkey\\venv\\Scripts\\mlagents-learn config/braking12.yaml --run-id=test015 --env=Builds/Test10/TrafficApp.exe --time-scale=6 --quality-level=0 --width=512 --height=512 --force",
        "mlagents_version": "0.29.0",
        "mlagents_envs_version": "0.29.0",
        "communication_protocol_version": "1.5.0",
        "pytorch_version": "1.7.1+cu110",
        "numpy_version": "1.21.2",
        "end_time_seconds": "1656942320"
    },
    "total": 964.4755322000001,
    "count": 1,
    "self": 0.29443130000004203,
    "children": {
        "run_training.setup": {
            "total": 0.11152239999999991,
            "count": 1,
            "self": 0.11152239999999991
        },
        "TrainerController.start_learning": {
            "total": 964.0695785,
            "count": 1,
            "self": 1.762333299989109,
            "children": {
                "TrainerController._reset_env": {
                    "total": 5.8827447,
                    "count": 1,
                    "self": 5.8827447
                },
                "TrainerController.advance": {
                    "total": 956.3783611000109,
                    "count": 75552,
                    "self": 1.4176592000011397,
                    "children": {
                        "env_step": {
                            "total": 589.6120466999972,
                            "count": 75552,
                            "self": 400.61044740002814,
                            "children": {
                                "SubprocessEnvManager._take_step": {
                                    "total": 188.02056229998894,
                                    "count": 75552,
                                    "self": 4.909583000003778,
                                    "children": {
                                        "TorchPolicy.evaluate": {
                                            "total": 183.11097929998516,
                                            "count": 66693,
                                            "self": 53.13997269998032,
                                            "children": {
                                                "TorchPolicy.sample_actions": {
                                                    "total": 129.97100660000484,
                                                    "count": 66693,
                                                    "self": 129.97100660000484
                                                }
                                            }
                                        }
                                    }
                                },
                                "workers": {
                                    "total": 0.9810369999801427,
                                    "count": 75552,
                                    "self": 0.0,
                                    "children": {
                                        "worker_root": {
                                            "total": 957.6136709000117,
                                            "count": 75552,