{
    "name": "root",
    "gauges": {
        "Brake.Policy.Entropy.mean": {
            "value": 0.21135872602462769,
            "min": 0.1899224817752838,
            "max": 0.6879145503044128,
            "count": 200
        },
        "Brake.Policy.Entropy.sum": {
            "value": 1081.099853515625,
            "min": 925.8720703125,
            "max": 3817.92578125,
            "count": 200
        },
        "Brake.Step.mean": {
            "value": 999936.0,
            "min": 4999.0,
            "max": 999936.0,
            "count": 200
        },
        "Brake.Step.sum": {
            "value": 999936.0,
            "min": 4999.0,
            "max": 999936.0,
            "count": 200
        },
        "Brake.Policy.ExtrinsicValueEstimate.mean": {
            "value": 0.06516298651695251,
            "min": -9.165177345275879,
            "max": 0.11655356734991074,
            "count": 200
        },
        "Brake.Policy.ExtrinsicValueEstimate.sum": {
            "value": 6.5814619064331055,
            "min": -852.3614501953125,
            "max": 12.23812484741211,
            "count": 200
        },
        "Brake.Losses.PolicyLoss.mean": {
            "value": 0.06590803460130701,
            "min": 0.05197469379345421,
            "max": 0.08072947154869325,
            "count": 200
        },
        "Brake.Losses.PolicyLoss.sum": {
            "value": 0.26363213840522803,
            "min": 0.20789877517381683,
            "max": 0.3739558613160625,
            "count": 200
        },
        "Brake.Losses.ValueLoss.mean": {
            "value": 0.024609825864899904,
            "min": 0.02085531916236505,
            "max": 6236.49012335488,
            "count": 200
        },
        "Brake.Losses.ValueLoss.sum": {
            "value": 0.09843930345959961,
            "min": 0.08795513032237068,
            "max": 18709.47037006464,
            "count": 200
        },
        "Brake.Policy.LearningRate.mean": {
            "value": 7.36899754400004e-07,
            "min": 7.36899754400004e-07,
            "max": 0.0002991050002983333,
            "count": 200
        },
        "Brake.Policy.LearningRate.sum": {
            "value": 2.947599017600016e-06,
            "min": 2.947599017600016e-06,
            "max": 0.001489254003582,
            "count": 200
        },
        "Brake.Policy.Epsilon.mean": {
            "value": 0.10036840000000002,
            "min": 0.10036840000000002,
            "max": 0.24955249999999998,
            "count": 200
        },
        "Brake.Policy.Epsilon.sum": {
            "value": 0.4014736000000001,
            "min": 0.4014736000000001,
            "max": 1.244627,
            "count": 200
        },
        "Brake.Policy.Beta.mean": {
            "value": 3.453544000000014e-05,
            "min": 3.453544000000014e-05,
            "max": 0.0099701965,
            "count": 200
        },
        "Brake.Policy.Beta.sum": {
            "value": 0.00013814176000000056,
            "min": 0.00013814176000000056,
            "max": 0.04964215820000001,
            "count": 200
        },
        "Brake.Environment.EpisodeLength.mean": {
            "value": 86.14545454545454,
            "min": 53.35227272727273,
            "max": 184.6315789473684,
            "count": 200
        },
        "Brake.Environment.EpisodeLength.sum": {
            "value": 4738.0,
            "min": 3508.0,
            "max": 6260.0,
            "count": 200
        },
        "Brake.Environment.CumulativeReward.mean": {
            "value": 0.12734144739806652,
            "min": -0.9323676289304307,
            "max": 0.2170484084635973,
            "count": 200
        },
        "Brake.Environment.CumulativeReward.sum": {
            "value": 7.131121054291725,
            "min": -62.99795299768448,
            "max": 14.2150988727808,
            "count": 200
        },
        "Brake.Policy.ExtrinsicReward.mean": {
            "value": 0.12734144739806652,
            "min": -0.9323676289304307,
            "max": 0.2170484084635973,
            "count": 200
        },
        "Brake.Policy.ExtrinsicReward.sum": {
            "value": 7.131121054291725,
            "min": -62.99795299768448,
            "max": 14.2150988727808,
            "count": 200
        },
        "Brake.IsTraining.mean": {
            "value": 1.0,
            "min": 1.0,
            "max": 1.0,
            "count": 200
        },
        "Brake.IsTraining.sum": {
            "value": 1.0,
            "min": 1.0,
            "max": 1.0,
            "count": 200
        }
    },
    "metadata": {
        "timer_format_version": "0.1.0",
        "start_time_seconds": "1656956824",
        "python_version": "3.9.13 (tags/v3.9.13:6de2ca5, May 17 2022, 16:36:42) [MSC v.1929 64 bit (AMD64)]",
        "command_line_arguments": "D:\\Documents\\Desenvolupament\\Unity Folder\\Unity\\Machine Learning Tutorial CodeMonkey\\venv\\Scripts\\mlagents-learn config/braking14.yaml --run-id=test018 --env=Builds/Test11/TrafficApp.exe --time-scale=5 --quality-level=0 --width=512 --height=512 --force",
        "mlagents_version": "0.29.0",
        "mlagents_envs_version": "0.29.0",
        "communication_protocol_version": "1.5.0",
        "pytorch_version": "1.7.1+cu110",
        "numpy_version": "1.21.2",
        "end_time_seconds": "1656957990"
    },
    "total": 1166.0619751000002,
    "count": 1,
    "self": 0.718994800000246,
    "children": {
        "run_training.setup": {
            "total": 0.11369920000000011,
            "count": 1,
            "self": 0.11369920000000011
        },
        "TrainerController.start_learning": {
            "total": 1165.2292811,
            "count": 1,
            "self": 1.754557100005286,
            "children": {
                "TrainerController._reset_env": {
                    "total": 12.0167068,
                    "count": 1,
                    "self": 12.0167068
                },
                "TrainerController.advance": {
                    "total": 1151.4202214999948,
                    "count": 75962,
                    "self": 1.4877270999661505,
                    "children": {
                        "env_step": {
                            "total": 572.5035688000108,
                            "count": 75962,
                            "self": 392.7797088000305,
                            "children": {
                                "SubprocessEnvManager._take_step": {
                                    "total": 178.68948929998663,
                                    "count": 75962,
                                    "self": 4.897794799973042,
                                    "children": {
                                        "TorchPolicy.evaluate": {
                                            "total": 173.7916945000136,
                                            "count": 66699,
                                            "self": 53.35322270001906,
                                            "children": {
                                                "TorchPolicy.sample_actions": {
                                                    "total": 120.43847179999453,
                                                    "count": 66699,
                                                    "self": 120.43847179999453
                                                }
                                            }
                                        }
                                    }
                                },
                                "workers": {
                                    "total": 1.034370699993712,
                                    "count": 75962,
                                    "self": 0.0,
                                    "children": {
                                        "worker_root": {
                                            "total": 1152.9311024000185,
                                            "count": 75962,