{
    "name": "root",
    "gauges": {
        "Brake.Policy.Entropy.mean": {
            "value": 0.30836692452430725,
            "min": 0.2880997955799103,
            "max": 0.69195157289505,
            "count": 200
        },
        "Brake.Policy.Entropy.sum": {
            "value": 1591.17333984375,
            "min": 1349.272705078125,
            "max": 4116.3818359375,
            "count": 200
        },
        "Brake.Environment.EpisodeLength.mean": {
            "value": 89.56363636363636,
            "min": 53.645161290322584,
            "max": 199.0,
            "count": 200
        },
        "Brake.Environment.EpisodeLength.sum": {
            "value": 4926.0,
            "min": 3473.0,
            "max": 5970.0,
            "count": 200
        },
        "Brake.Step.mean": {
            "value": 999920.0,
            "min": 4956.0,
            "max": 999920.0,
            "count": 200
        },
        "Brake.Step.sum": {
            "value": 999920.0,
            "min": 4956.0,
            "max": 999920.0,
            "count": 200
        },
        "Brake.Policy.ExtrinsicValueEstimate.mean": {
            "value": 0.07426853477954865,
            "min": -45.23164367675781,
            "max": 0.1198667660355568,
            "count": 200
        },
        "Brake.Policy.ExtrinsicValueEstimate.sum": {
            "value": 4.827454566955566,
            "min": -2125.88720703125,
            "max": 8.031073570251465,
            "count": 200
        },
        "Brake.Environment.CumulativeReward.mean": {
            "value": 0.032317178668799226,
            "min": -1.0159991284211476,
            "max": 0.21282979822717607,
            "count": 200
        },
        "Brake.Environment.CumulativeReward.sum": {
            "value": 1.745127648115158,
            "min": -64.42197027802467,
            "max": 13.621107086539268,
            "count": 200
        },
        "Brake.Policy.ExtrinsicReward.mean": {
            "value": 0.032317178668799226,
            "min": -1.0159991284211476,
            "max": 0.21282979822717607,
            "count": 200
        },
        "Brake.Policy.ExtrinsicReward.sum": {
            "value": 1.745127648115158,
            "min": -64.42197027802467,
            "max": 13.621107086539268,
            "count": 200
        },
        "Brake.Losses.PolicyLoss.mean": {
            "value": 0.035982531941651054,
            "min": 0.035886757308617234,
            "max": 0.06017363757233728,
            "count": 200
        },
        "Brake.Losses.PolicyLoss.sum": {
            "value": 0.10794759582495317,
            "min": 0.05858035761242111,
            "max": 0.16506497740435105,
            "count": 200
        },
        "Brake.Losses.ValueLoss.mean": {
            "value": 0.023785019164077107,
            "min": 0.00030022207300300414,
            "max": 408067.27136767854,
            "count": 200
        },
        "Brake.Losses.ValueLoss.sum": {
            "value": 0.07135505749223132,
            "min": 0.0006004441460060083,
            "max": 816134.5427353571,
            "count": 200
        },
        "Brake.Policy.LearningRate.mean": {
            "value": 7.208997597333326e-07,
            "min": 7.208997597333326e-07,
            "max": 0.0002988258003914,
            "count": 200
        },
        "Brake.Policy.LearningRate.sum": {
            "value": 2.1626992791999977e-06,
            "min": 2.1626992791999977e-06,
            "max": 0.0008663412112195999,
            "count": 200
        },
        "Brake.Policy.Epsilon.mean": {
            "value": 0.10048053333333334,
            "min": 0.10048053333333334,
            "max": 0.29921719999999996,
            "count": 200
        },
        "Brake.Policy.Epsilon.sum": {
            "value": 0.30144160000000003,
            "min": 0.20306900000000003,
            "max": 0.8775608,
            "count": 200
        },
        "Brake.Policy.Beta.mean": {
            "value": 8.205597333333324e-05,
            "min": 8.205597333333324e-05,
            "max": 0.029882619139999997,
            "count": 200
        },
        "Brake.Policy.Beta.sum": {
            "value": 0.00024616791999999973,
            "min": 0.00024616791999999973,
            "max": 0.08663524196,
            "count": 200
        },
        "Brake.IsTraining.mean": {
            "value": 1.0,
            "min": 1.0,
            "max": 1.0,
            "count": 200
        },
        "Brake.IsTraining.sum": {
            "value": 1.0,
            "min": 1.0,
            "max": 1.0,
            "count": 200
        }
    },
    "metadata": {
        "timer_format_version": "0.1.0",
        "start_time_seconds": "1656937608",
        "python_version": "3.9.13 (tags/v3.9.13:6de2ca5, May 17 2022, 16:36:42) [MSC v.1929 64 bit (AMD64)]",
        "command_line_arguments": "D:\\Documents\\Desenvolupament\\Unity Folder\\Unity\\Machine Learning Tutorial CodeMonkey\\venv\\Scripts\\mlagents-learn config/braking10.yaml --run-id=test013 --env=Builds/Test10/TrafficApp.exe --time-scale=6 --quality-level=0 --width=512 --height=512 --force",
        "mlagents_version": "0.29.0",
        "mlagents_envs_version": "0.29.0",
        "communication_protocol_version": "1.5.0",
        "pytorch_version": "1.7.1+cu110",
        "numpy_version": "1.21.2",
        "end_time_seconds": "1656938494"
    },
    "total": 886.0263467000001,
    "count": 1,
    "self": 0.30474740000011025,
    "children": {
        "run_training.setup": {
            "total": 0.11194710000000008,
            "count": 1,
            "self": 0.11194710000000008
        },
        "TrainerController.start_learning": {
            "total": 885.6096522,
            "count": 1,
            "self": 1.4327478999995265,
            "children": {
                "TrainerController._reset_env": {
                    "total": 5.907858600000001,
                    "count": 1,
                    "self": 5.907858600000001
                },
                "TrainerController.advance": {
                    "total": 878.2243548000005,
                    "count": 75543,
                    "self": 1.234988599993926,
                    "children": {
                        "env_step": {
                            "total": 545.1709015000085,
                            "count": 75543,
                            "self": 378.31792699998175,
                            "children": {
                                "SubprocessEnvManager._take_step": {
                                    "total": 165.95272520001836,
                                    "count": 75543,
                                    "self": 3.792388499992086,
                                    "children": {
                                        "TorchPolicy.evaluate": {
                                            "total": 162.16033670002628,
                                            "count": 66708,
                                            "self": 43.38979500003286,
                                            "children": {
                                                "TorchPolicy.sample_actions": {
                                                    "total": 118.77054169999342,
                                                    "count": 66708,
                                                    "self": 118.77054169999342
                                                }
                                            }
                                        }
                                    }
                                },
                                "workers": {
                                    "total": 0.9002493000084275,
                                    "count": 75543,
                                    "self": 0.0,
                                    "children": {
                                        "worker_root": {
                                            "total": 879.2517887999888,