{
    "name": "root",
    "gauges": {
        "Brake.Policy.Entropy.mean": {
            "value": 0.16970667243003845,
            "min": 0.16594794392585754,
            "max": 0.689630389213562,
            "count": 200
        },
        "Brake.Policy.Entropy.sum": {
            "value": 860.412841796875,
            "min": 818.953125,
            "max": 4044.68212890625,
            "count": 200
        },
        "Brake.Environment.EpisodeLength.mean": {
            "value": 81.59677419354838,
            "min": 49.69072164948454,
            "max": 199.0,
            "count": 200
        },
        "Brake.Environment.EpisodeLength.sum": {
            "value": 5059.0,
            "min": 3217.0,
            "max": 5771.0,
            "count": 200
        },
        "Brake.Step.mean": {
            "value": 999957.0,
            "min": 4963.0,
            "max": 999957.0,
            "count": 200
        },
        "Brake.Step.sum": {
            "value": 999957.0,
            "min": 4963.0,
            "max": 999957.0,
            "count": 200
        },
        "Brake.Policy.ExtrinsicValueEstimate.mean": {
            "value": 0.07566958665847778,
            "min": -0.4788612723350525,
            "max": 45.82413864135742,
            "count": 200
        },
        "Brake.Policy.ExtrinsicValueEstimate.sum": {
            "value": 7.8696370124816895,
            "min": -52.19587707519531,
            "max": 4169.99658203125,
            "count": 200
        },
        "Brake.Environment.CumulativeReward.mean": {
            "value": 0.15211478188153235,
            "min": -1.0130000687204301,
            "max": 0.20474774662464384,
            "count": 200
        },
        "Brake.Environment.CumulativeReward.sum": {
            "value": 9.431116476655006,
            "min": -65.4979776442051,
            "max": 13.36111344397068,
            "count": 200
        },
        "Brake.Policy.ExtrinsicReward.mean": {
            "value": 0.15211478188153235,
            "min": -1.0130000687204301,
            "max": 0.20474774662464384,
            "count": 200
        },
        "Brake.Policy.ExtrinsicReward.sum": {
            "value": 9.431116476655006,
            "min": -65.4979776442051,
            "max": 13.36111344397068,
            "count": 200
        },
        "Brake.Losses.PolicyLoss.mean": {
            "value": 0.06278249772003619,
            "min": 0.05504074520431459,
            "max": 0.07945536576153245,
            "count": 200
        },
        "Brake.Losses.PolicyLoss.sum": {
            "value": 0.25112999088014476,
            "min": 0.19139446227096155,
            "max": 0.3862663540930953,
            "count": 200
        },
        "Brake.Losses.ValueLoss.mean": {
            "value": 0.026188539792201482,
            "min": 0.0019406820833864913,
            "max": 456116.178026909,
            "count": 200
        },
        "Brake.Losses.ValueLoss.sum": {
            "value": 0.10475415916880593,
            "min": 0.007762728333545965,
            "max": 1368348.534080727,
            "count": 200
        },
        "Brake.Policy.LearningRate.mean": {
            "value": 7.530247490249931e-07,
            "min": 7.530247490249931e-07,
            "max": 0.00029911270029576667,
            "count": 200
        },
        "Brake.Policy.LearningRate.sum": {
            "value": 3.0120989960999724e-06,
            "min": 3.0120989960999724e-06,
            "max": 0.0014741991086003,
            "count": 200
        },
        "Brake.Policy.Epsilon.mean": {
            "value": 0.10037646250000001,
            "min": 0.10037646250000001,
            "max": 0.24955635,
            "count": 200
        },
        "Brake.Policy.Epsilon.sum": {
            "value": 0.40150585000000005,
            "min": 0.40150585000000005,
            "max": 1.23709955,
            "count": 200
        },
        "Brake.Policy.Beta.mean": {
            "value": 3.507240249999978e-05,
            "min": 3.507240249999978e-05,
            "max": 0.009970452910000002,
            "count": 200
        },
        "Brake.Policy.Beta.sum": {
            "value": 0.00014028960999999912,
            "min": 0.00014028960999999912,
            "max": 0.04914083003,
            "count": 200
        },
        "Brake.IsTraining.mean": {
            "value": 1.0,
            "min": 1.0,
            "max": 1.0,
            "count": 200
        },
        "Brake.IsTraining.sum": {
            "value": 1.0,
            "min": 1.0,
            "max": 1.0,
            "count": 200
        }
    },
    "metadata": {
        "timer_format_version": "0.1.0",
        "start_time_seconds": "1656950319",
        "python_version": "3.9.13 (tags/v3.9.13:6de2ca5, May 17 2022, 16:36:42) [MSC v.1929 64 bit (AMD64)]",
        "command_line_arguments": "D:\\Documents\\Desenvolupament\\Unity Folder\\Unity\\Machine Learning Tutorial CodeMonkey\\venv\\Scripts\\mlagents-learn config/braking14.yaml --run-id=test017 --env=Builds/Test10/TrafficApp.exe --time-scale=5 --quality-level=0 --width=512 --height=512 --force",
        "mlagents_version": "0.29.0",
        "mlagents_envs_version": "0.29.0",
        "communication_protocol_version": "1.5.0",
        "pytorch_version": "1.7.1+cu110",
        "numpy_version": "1.21.2",
        "end_time_seconds": "1656951401"
    },
    "total": 1081.716234,
    "count": 1,
    "self": 0.2864457000000584,
    "children": {
        "run_training.setup": {
            "total": 0.10606680000000002,
            "count": 1,
            "self": 0.10606680000000002
        },
        "TrainerController.start_learning": {
            "total": 1081.3237215,
            "count": 1,
            "self": 1.555282400022179,
            "children": {
                "TrainerController._reset_env": {
                    "total": 5.7484814,
                    "count": 1,
                    "self": 5.7484814
                },
                "TrainerController.advance": {
                    "total": 1073.9815903999777,
                    "count": 76063,
                    "self": 1.32139159999997,
                    "children": {
                        "env_step": {
                            "total": 534.0378877999835,
                            "count": 76063,
                            "self": 376.1426489999679,
                            "children": {
                                "SubprocessEnvManager._take_step": {
                                    "total": 156.99597220000385,
                                    "count": 76063,
                                    "self": 3.8396895000099107,
                                    "children": {
                                        "TorchPolicy.evaluate": {
                                            "total": 153.15628269999394,
                                            "count": 66694,
                                            "self": 43.430539100001795,
                                            "children": {
                                                "TorchPolicy.sample_actions": {
                                                    "total": 109.72574359999214,
                                                    "count": 66694,
                                                    "self": 109.72574359999214
                                                }
                                            }
                                        }
                                    }
                                },
                                "workers": {
                                    "total": 0.8992666000118072,
                                    "count": 76063,
                                    "self": 0.0,
                                    "children": {
                                        "worker_root": {
                                            "total": 1075.0536214999916,
                                            "count": 76063,