{
    "name": "root",
    "gauges": {
        "Brake.Policy.Entropy.mean": {
            "value": 0.04025905579328537,
            "min": 0.029005086049437523,
            "max": 0.6929551959037781,
            "count": 1000
        },
        "Brake.Policy.Entropy.sum": {
            "value": 35.62926483154297,
            "min": 15.66274642944336,
            "max": 1320.091064453125,
            "count": 1000
        },
        "Brake.Environment.EpisodeLength.mean": {
            "value": 96.7,
            "min": 54.470588235294116,
            "max": 194.28571428571428,
            "count": 1000
        },
        "Brake.Environment.EpisodeLength.sum": {
            "value": 967.0,
            "min": 81.0,
            "max": 2720.0,
            "count": 1000
        },
        "Brake.Step.mean": {
            "value": 999904.0,
            "min": 978.0,
            "max": 999904.0,
            "count": 1000
        },
        "Brake.Step.sum": {
            "value": 999904.0,
            "min": 978.0,
            "max": 999904.0,
            "count": 1000
        },
        "Brake.Policy.ExtrinsicValueEstimate.mean": {
            "value": 0.34457728266716003,
            "min": -0.25445398688316345,
            "max": 85.42681884765625,
            "count": 1000
        },
        "Brake.Policy.ExtrinsicValueEstimate.sum": {
            "value": 4.134927272796631,
            "min": -4.580171585083008,
            "max": 683.41455078125,
            "count": 1000
        },
        "Brake.Environment.CumulativeReward.mean": {
            "value": 0.5286363390359011,
            "min": -1.4049999713897705,
            "max": 0.6849999748743497,
            "count": 1000
        },
        "Brake.Environment.CumulativeReward.sum": {
            "value": 5.814999729394913,
            "min": -11.730000793933868,
            "max": 10.684999823570251,
            "count": 1000
        },
        "Brake.Policy.ExtrinsicReward.mean": {
            "value": 0.5286363390359011,
            "min": -1.4049999713897705,
            "max": 0.6849999748743497,
            "count": 1000
        },
        "Brake.Policy.ExtrinsicReward.sum": {
            "value": 5.814999729394913,
            "min": -11.730000793933868,
            "max": 10.684999823570251,
            "count": 1000
        },
        "Brake.IsTraining.mean": {
            "value": 1.0,
            "min": 1.0,
            "max": 1.0,
            "count": 1000
        },
        "Brake.IsTraining.sum": {
            "value": 1.0,
            "min": 1.0,
            "max": 1.0,
            "count": 1000
        },
        "Brake.Losses.PolicyLoss.mean": {
            "value": 0.0693231038749218,
            "min": 0.04695053756586276,
            "max": 0.0919348409709831,
            "count": 475
        },
        "Brake.Losses.PolicyLoss.sum": {
            "value": 0.0693231038749218,
            "min": 0.04695053756586276,
            "max": 0.0919348409709831,
            "count": 475
        },
        "Brake.Losses.ValueLoss.mean": {
            "value": 0.044047557593633734,
            "min": 0.01697140424706352,
            "max": 37738.34099944917,
            "count": 475
        },
        "Brake.Losses.ValueLoss.sum": {
            "value": 0.044047557593633734,
            "min": 0.01697140424706352,
            "max": 37738.34099944917,
            "count": 475
        },
        "Brake.Policy.LearningRate.mean": {
            "value": 5.919998027000008e-07,
            "min": 5.919998027000008e-07,
            "max": 0.0002991552002816,
            "count": 475
        },
        "Brake.Policy.LearningRate.sum": {
            "value": 5.919998027000008e-07,
            "min": 5.919998027000008e-07,
            "max": 0.0002991552002816,
            "count": 475
        },
        "Brake.Policy.Epsilon.mean": {
            "value": 0.1001973,
            "min": 0.1001973,
            "max": 0.19971840000000005,
            "count": 475
        },
        "Brake.Policy.Epsilon.sum": {
            "value": 0.1001973,
            "min": 0.1001973,
            "max": 0.19971840000000005,
            "count": 475
        },
        "Brake.Policy.Beta.mean": {
            "value": 0.005,
            "min": 0.005,
            "max": 0.005,
            "count": 475
        },
        "Brake.Policy.Beta.sum": {
            "value": 0.005,
            "min": 0.005,
            "max": 0.005,
            "count": 475
        }
    },
    "metadata": {
        "timer_format_version": "0.1.0",
        "start_time_seconds": "1656928768",
        "python_version": "3.9.13 (tags/v3.9.13:6de2ca5, May 17 2022, 16:36:42) [MSC v.1929 64 bit (AMD64)]",
        "command_line_arguments": "D:\\Documents\\Desenvolupament\\Unity Folder\\Unity\\Machine Learning Tutorial CodeMonkey\\venv\\Scripts\\mlagents-learn config/braking6.yaml --run-id=test008 --env=Builds/Test8/TrafficApp.exe --time-scale=10 --quality-level=0 --width=512 --height=512 --force",
        "mlagents_version": "0.29.0",
        "mlagents_envs_version": "0.29.0",
        "communication_protocol_version": "1.5.0",
        "pytorch_version": "1.7.1+cu110",
        "numpy_version": "1.21.2",
        "end_time_seconds": "1656929834"
    },
    "total": 1065.9282214,
    "count": 1,
    "self": 0.42049870000005285,
    "children": {
        "run_training.setup": {
            "total": 0.1075683999999999,
            "count": 1,
            "self": 0.1075683999999999
        },
        "TrainerController.start_learning": {
            "total": 1065.4001543,
            "count": 1,
            "self": 1.5202462999891395,
            "children": {
                "TrainerController._reset_env": {
                    "total": 9.166650500000001,
                    "count": 1,
                    "self": 9.166650500000001
                },
                "TrainerController.advance": {
                    "total": 1054.6613420000108,
                    "count": 75542,
                    "self": 1.3429186999933336,
                    "children": {
                        "env_step": {
                            "total": 544.6740405000132,
                            "count": 75542,
                            "self": 370.4557874000224,
                            "children": {
                                "SubprocessEnvManager._take_step": {
                                    "total": 173.22773809999916,
                                    "count": 75542,
                                    "self": 4.140870499991479,
                                    "children": {
                                        "TorchPolicy.evaluate": {
                                            "total": 169.08686760000768,
                                            "count": 66711,
                                            "self": 46.823132200018506,
                                            "children": {
                                                "TorchPolicy.sample_actions": {
                                                    "total": 122.26373539998917,
                                                    "count": 66711,
                                                    "self": 122.26373539998917
                                                }
                                            }
                                        }
                                    }
                                },
                                "workers": {
                                    "total": 0.9905149999916567,
                                    "count": 75542,
                                    "self": 0.0,
                                    "children": {
                                        "worker_root": {
                                            "total": 1055.8129155999775,
                                            "count": 75542,
                                            "is_parallel": true,