{
    "name": "root",
    "gauges": {
        "Brake.Policy.Entropy.mean": {
            "value": 0.049151718616485596,
            "min": 0.024590695276856422,
            "max": 0.6931468844413757,
            "count": 1000
        },
        "Brake.Policy.Entropy.sum": {
            "value": 48.66020202636719,
            "min": 9.95923137664795,
            "max": 1330.6630859375,
            "count": 1000
        },
        "Brake.Step.mean": {
            "value": 999949.0,
            "min": 896.0,
            "max": 999949.0,
            "count": 1000
        },
        "Brake.Step.sum": {
            "value": 999949.0,
            "min": 896.0,
            "max": 999949.0,
            "count": 1000
        },
        "Brake.Policy.ExtrinsicValueEstimate.mean": {
            "value": 0.3147602379322052,
            "min": -0.3124978244304657,
            "max": 0.4068141281604767,
            "count": 1000
        },
        "Brake.Policy.ExtrinsicValueEstimate.sum": {
            "value": 3.462362766265869,
            "min": -4.643308639526367,
            "max": 6.8462395668029785,
            "count": 1000
        },
        "Brake.IsTraining.mean": {
            "value": 1.0,
            "min": 1.0,
            "max": 1.0,
            "count": 1000
        },
        "Brake.IsTraining.sum": {
            "value": 1.0,
            "min": 1.0,
            "max": 1.0,
            "count": 1000
        },
        "Brake.Environment.EpisodeLength.mean": {
            "value": 109.5,
            "min": 59.76470588235294,
            "max": 199.0,
            "count": 994
        },
        "Brake.Environment.EpisodeLength.sum": {
            "value": 876.0,
            "min": 95.0,
            "max": 2972.0,
            "count": 994
        },
        "Brake.Environment.CumulativeReward.mean": {
            "value": 0.47555554575390285,
            "min": -1.0000000596046448,
            "max": 0.6956666469573974,
            "count": 996
        },
        "Brake.Environment.CumulativeReward.sum": {
            "value": 4.279999911785126,
            "min": -14.000000834465027,
            "max": 11.589999914169312,
            "count": 996
        },
        "Brake.Policy.ExtrinsicReward.mean": {
            "value": 0.47555554575390285,
            "min": -1.0000000596046448,
            "max": 0.6956666469573974,
            "count": 996
        },
        "Brake.Policy.ExtrinsicReward.sum": {
            "value": 4.279999911785126,
            "min": -14.000000834465027,
            "max": 11.589999914169312,
            "count": 996
        },
        "Brake.Losses.PolicyLoss.mean": {
            "value": 0.0569356851434956,
            "min": 0.050029502948746085,
            "max": 0.09083950469115128,
            "count": 474
        },
        "Brake.Losses.PolicyLoss.sum": {
            "value": 0.0569356851434956,
            "min": 0.050029502948746085,
            "max": 0.09083950469115128,
            "count": 474
        },
        "Brake.Losses.ValueLoss.mean": {
            "value": 0.048155904708740614,
            "min": 0.0002467273442417154,
            "max": 0.08106585188458364,
            "count": 474
        },
        "Brake.Losses.ValueLoss.sum": {
            "value": 0.048155904708740614,
            "min": 0.0002467273442417154,
            "max": 0.08106585188458364,
            "count": 474
        },
        "Brake.Policy.LearningRate.mean": {
            "value": 8.289997240001618e-08,
            "min": 8.289997240001618e-08,
            "max": 0.0002991039002986999,
            "count": 474
        },
        "Brake.Policy.LearningRate.sum": {
            "value": 8.289997240001618e-08,
            "min": 8.289997240001618e-08,
            "max": 0.0002991039002986999,
            "count": 474
        },
        "Brake.Policy.Epsilon.mean": {
            "value": 0.10002760000000001,
            "min": 0.10002760000000001,
            "max": 0.1997013,
            "count": 474
        },
        "Brake.Policy.Epsilon.sum": {
            "value": 0.10002760000000001,
            "min": 0.10002760000000001,
            "max": 0.1997013,
            "count": 474
        },
        "Brake.Policy.Beta.mean": {
            "value": 0.005,
            "min": 0.005,
            "max": 0.005,
            "count": 474
        },
        "Brake.Policy.Beta.sum": {
            "value": 0.005,
            "min": 0.005,
            "max": 0.005,
            "count": 474
        }
    },
    "metadata": {
        "timer_format_version": "0.1.0",
        "start_time_seconds": "1656926076",
        "python_version": "3.9.13 (tags/v3.9.13:6de2ca5, May 17 2022, 16:36:42) [MSC v.1929 64 bit (AMD64)]",
        "command_line_arguments": "D:\\Documents\\Desenvolupament\\Unity Folder\\Unity\\Machine Learning Tutorial CodeMonkey\\venv\\Scripts\\mlagents-learn config/braking6.yaml --run-id=test007 --env=Build/TrafficApp.exe --time-scale=10 --quality-level=0 --width=512 --height=512 --force",
        "mlagents_version": "0.29.0",
        "mlagents_envs_version": "0.29.0",
        "communication_protocol_version": "1.5.0",
        "pytorch_version": "1.7.1+cu110",
        "numpy_version": "1.21.2",
        "end_time_seconds": "1656927091"
    },
    "total": 1015.1735967,
    "count": 1,
    "self": 0.34272550000002866,
    "children": {
        "run_training.setup": {
            "total": 0.10207809999999995,
            "count": 1,
            "self": 0.10207809999999995
        },
        "TrainerController.start_learning": {
            "total": 1014.7287931,
            "count": 1,
            "self": 1.5462613999997075,
            "children": {
                "TrainerController._reset_env": {
                    "total": 8.9233517,
                    "count": 1,
                    "self": 8.9233517
                },
                "TrainerController.advance": {
                    "total": 1004.2078360000003,
                    "count": 75307,
                    "self": 1.3483228999973562,
                    "children": {
                        "env_step": {
                            "total": 532.0764592999957,
                            "count": 75307,
                            "self": 356.7580487999796,
                            "children": {
                                "SubprocessEnvManager._take_step": {
                                    "total": 174.36799570000343,
                                    "count": 75307,
                                    "self": 4.270748900000086,
                                    "children": {
                                        "TorchPolicy.evaluate": {
                                            "total": 170.09724680000335,
                                            "count": 66720,
                                            "self": 47.123779100004015,
                                            "children": {
                                                "TorchPolicy.sample_actions": {
                                                    "total": 122.97346769999933,
                                                    "count": 66720,
                                                    "self": 122.97346769999933
                                                }
                                            }
                                        }
                                    }
                                },
                                "workers": {
                                    "total": 0.9504148000126822,
                                    "count": 75307,
                                    "self": 0.0,
                                    "children": {
                                        "worker_root": {
                                            "total": 1005.3219263000099,
                                            "count": 75307,
                                            "is_parallel": true,