{
    "name": "root",
    "gauges": {
        "Brake.Policy.Entropy.mean": {
            "value": 0.4583250880241394,
            "min": 0.42028695344924927,
            "max": 0.5341991186141968,
            "count": 500
        },
        "Brake.Policy.Entropy.sum": {
            "value": 446.8669738769531,
            "min": 313.4886779785156,
            "max": 771.5623779296875,
            "count": 500
        },
        "Brake.Environment.EpisodeLength.mean": {
            "value": 97.16666666666667,
            "min": 69.8,
            "max": 141.0,
            "count": 500
        },
        "Brake.Environment.EpisodeLength.sum": {
            "value": 1166.0,
            "min": 329.0,
            "max": 1663.0,
            "count": 500
        },
        "Brake.Step.mean": {
            "value": 999978.0,
            "min": 500979.0,
            "max": 999978.0,
            "count": 500
        },
        "Brake.Step.sum": {
            "value": 999978.0,
            "min": 500979.0,
            "max": 999978.0,
            "count": 500
        },
        "Brake.Policy.ExtrinsicValueEstimate.mean": {
            "value": 5.483659267425537,
            "min": 4.683492660522461,
            "max": 5.679633617401123,
            "count": 500
        },
        "Brake.Policy.ExtrinsicValueEstimate.sum": {
            "value": 120.6405029296875,
            "min": 79.61937713623047,
            "max": 139.8555450439453,
            "count": 500
        },
        "Brake.Policy.GailValueEstimate.mean": {
            "value": 8.361153602600098,
            "min": 7.6990742683410645,
            "max": 10.521539688110352,
            "count": 500
        },
        "Brake.Policy.GailValueEstimate.sum": {
            "value": 183.9453887939453,
            "min": 156.8163604736328,
            "max": 206.4378662109375,
            "count": 500
        },
        "Brake.Environment.CumulativeReward.mean": {
            "value": 10.0,
            "min": 9.181818181818182,
            "max": 10.0,
            "count": 500
        },
        "Brake.Environment.CumulativeReward.sum": {
            "value": 120.0,
            "min": 40.0,
            "max": 150.0,
            "count": 500
        },
        "Brake.Policy.ExtrinsicReward.mean": {
            "value": 10.0,
            "min": 9.181818181818182,
            "max": 10.0,
            "count": 500
        },
        "Brake.Policy.ExtrinsicReward.sum": {
            "value": 120.0,
            "min": 40.0,
            "max": 150.0,
            "count": 500
        },
        "Brake.Policy.GailReward.mean": {
            "value": 16.75181233758728,
            "min": 6.9204495921730995,
            "max": 29.23673778399825,
            "count": 500
        },
        "Brake.Policy.GailReward.sum": {
            "value": 201.02174805104733,
            "min": 27.681798368692398,
            "max": 322.14397993520834,
            "count": 500
        },
        "Brake.IsTraining.mean": {
            "value": 1.0,
            "min": 1.0,
            "max": 1.0,
            "count": 500
        },
        "Brake.IsTraining.sum": {
            "value": 1.0,
            "min": 1.0,
            "max": 1.0,
            "count": 500
        },
        "Brake.Losses.PolicyLoss.mean": {
            "value": 0.0321055732977887,
            "min": 0.01928208985676368,
            "max": 0.08165611641015857,
            "count": 472
        },
        "Brake.Losses.PolicyLoss.sum": {
            "value": 0.0321055732977887,
            "min": 0.01928208985676368,
            "max": 0.08165611641015857,
            "count": 472
        },
        "Brake.Losses.ValueLoss.mean": {
            "value": 16.23313268025716,
            "min": 11.683214823404947,
            "max": 23.54216702779134,
            "count": 472
        },
        "Brake.Losses.ValueLoss.sum": {
            "value": 16.23313268025716,
            "min": 11.683214823404947,
            "max": 23.54216702779134,
            "count": 472
        },
        "Brake.Policy.LearningRate.mean": {
            "value": 3.0099989999996706e-08,
            "min": 3.0099989999996706e-08,
            "max": 0.00014968355010550003,
            "count": 472
        },
        "Brake.Policy.LearningRate.sum": {
            "value": 3.0099989999996706e-08,
            "min": 3.0099989999996706e-08,
            "max": 0.00014968355010550003,
            "count": 472
        },
        "Brake.Policy.Epsilon.mean": {
            "value": 0.10000999999999999,
            "min": 0.10000999999999999,
            "max": 0.1498945,
            "count": 472
        },
        "Brake.Policy.Epsilon.sum": {
            "value": 0.10000999999999999,
            "min": 0.10000999999999999,
            "max": 0.1498945,
            "count": 472
        },
        "Brake.Policy.Beta.mean": {
            "value": 0.004999999999999999,
            "min": 0.004999999999999999,
            "max": 0.004999999999999999,
            "count": 472
        },
        "Brake.Policy.Beta.sum": {
            "value": 0.004999999999999999,
            "min": 0.004999999999999999,
            "max": 0.004999999999999999,
            "count": 472
        },
        "Brake.Policy.GAILPolicyEstimate.mean": {
            "value": 0.32700994114081067,
            "min": 0.2533956952393055,
            "max": 0.48048850397268933,
            "count": 472
        },
        "Brake.Policy.GAILPolicyEstimate.sum": {
            "value": 0.32700994114081067,
            "min": 0.2533956952393055,
            "max": 0.48048850397268933,
            "count": 472
        },
        "Brake.Policy.GAILExpertEstimate.mean": {
            "value": 0.7816687822341919,
            "min": 0.7580503722031912,
            "max": 0.7993360410133997,
            "count": 472
        },
        "Brake.Policy.GAILExpertEstimate.sum": {
            "value": 0.7816687822341919,
            "min": 0.7580503722031912,
            "max": 0.7993360410133997,
            "count": 472
        },
        "Brake.Losses.GAILLoss.mean": {
            "value": 0.9040393531322479,
            "min": 0.7743257830540339,
            "max": 1.1793729662895203,
            "count": 472
        },
        "Brake.Losses.GAILLoss.sum": {
            "value": 0.9040393531322479,
            "min": 0.7743257830540339,
            "max": 1.1793729662895203,
            "count": 472
        },
        "Brake.Policy.GAILGradMagLoss.mean": {
            "value": 5.253741423288981,
            "min": 5.153222839037578,
            "max": 5.688226660092671,
            "count": 472
        },
        "Brake.Policy.GAILGradMagLoss.sum": {
            "value": 5.253741423288981,
            "min": 5.153222839037578,
            "max": 5.688226660092671,
            "count": 472
        }
    },
    "metadata": {
        "timer_format_version": "0.1.0",
        "start_time_seconds": "1656851543",
        "python_version": "3.9.13 (tags/v3.9.13:6de2ca5, May 17 2022, 16:36:42) [MSC v.1929 64 bit (AMD64)]",
        "command_line_arguments": "D:\\Documents\\Desenvolupament\\Unity Folder\\Unity\\Machine Learning Tutorial CodeMonkey\\venv\\Scripts\\mlagents-learn config/braking3.yaml --run-id=test005 --resume",
        "mlagents_version": "0.29.0",
        "mlagents_envs_version": "0.29.0",
        "communication_protocol_version": "1.5.0",
        "pytorch_version": "1.7.1+cu110",
        "numpy_version": "1.21.2",
        "end_time_seconds": "1656852072"
    },
    "total": 528.8282969,
    "count": 1,
    "self": 0.007953500000098757,
    "children": {
        "run_training.setup": {
            "total": 0.10970400000000002,
            "count": 1,
            "self": 0.10970400000000002
        },
        "TrainerController.start_learning": {
            "total": 528.7106394,
            "count": 1,
            "self": 0.7461089999953856,